name,country_code
"Utirik Island","MH"
"Key Largo","US"
"Pilot Station","US"
"Moscow","RU"
"Crested Butte","US"
"Nunapitchuk","US"
"Icy Bay","US"
"Kalakaket Creek","US"
"Hogatza","US"
"Oaktown","US"
"Kenai","US"
"Livengood","US"
"Pedro Bay","US"
"Tununak","US"
"Aleknagik","US"
"Blackwell","US"
"Center Island","US"
"Corolla","US"
"Stuart Island","US"
"Lubbock","US"
"Chuathbaluk","US"
"Ugashik","US"
"Tuntutuliak","US"
"Adado","SO"
"Atkamba Mission","PG"
"Andekombe","PG"
"Aseki","PG"
"Chifeng","CN"
"Orūzgān","AF"
"Arona","SB"
"Liangia","SB"
"Angoram","PG"
"Fera Island","SB"
"Honiara","SB"
"Santa Cruz/Graciosa Bay/Luova","SB"
"Stirling Island","SB"
"Marau","SB"
"Yandina","SB"
"Kagua","PG"
"Kolombangara Island","SB"
"Star Harbor","SB"
"Aba","CN"
"Aiome","PG"
"Aiambak","PG"
"Chena Hot Springs","US"
"Solomon","US"
"Herendeen Bay","US"
"Boswell Bay","US"
"ZaKouma","TD"
"Angus Downs Station","AU"
"Lumbala","AO"
"Jamba","AO"
"Capanda","AO"
"Ndalatandos","AO"
"Abou-Deïa","TD"
"April River","PG"
"Bragado","AR"
"Caleta Olivia","AR"
"Charata","AR"
"Los Menucos","AR"
"Sunchales","AR"
"Carmen de Patagones","AR"
"Sarmiento","AR"
"Tau Village","AS"
"Namatanai","PG"
"Agnew","AU"
"Alroy Downs","AU"
"Cresswell Downs","AU"
"Helenvale","AU"
"Kimberley Downs","AU"
"Kulgera","AU"
"Miranda Downs","AU"
"Rockhampton Downs","AU"
"Sturt Creek","AU"
"Tom Price","AU"
"Torwood","AU"
"Ambunti","PG"
"Wonga Wongué Presidential Reserve","GA"
"Buka Island","PG"
"Biaru","PG"
"Munduku","PG"
"Embessa","PG"
"Eliptamin","PG"
"Emo Mission","PG"
"Erume","PG"
"Demgulu","PG"
"Feramin","PG"
"Goronka","PG"
"Guari","PG"
"Gusap","PG"
"Heiweni","PG"
"Hoskins","PG"
"Haivaro","PG"
"Imane","PG"
"Garove Island","PG"
"Kopiago","PG"
"Kanainj","PG"
"Kieta","PG"
"Kavieng","PG"
"Lab Lab Mission","PG"
"Lowai","PG"
"Long Island","PG"
"Mount Hagen","PG"
"Mougulu","PG"
"Mendi","PG"
"Misima Island","PG"
"Negarbo","PG"
"Manguna","PG"
"Kasonombe","PG"
"Lae","PG"
"Konge","PG"
"Karimui","PG"
"May River","PG"
"Sabah","PG"
"Selbang","PG"
"Tabubil","PG"
"Tokua","PG"
"Tekin","PG"
"Tsewi","PG"
"Tarakbits","PG"
"Aiyura Valley","PG"
"Talasea","PG"
"Torembi","PG"
"Wavoi Falls","PG"
"Wewak","PG"
"Wakunai","PG"
"Wau","PG"
"Sim","PG"
"Yalumet","PG"
"Wasum","PG"
"Unea Island","PG"
"Branson","US"
"Bambu","PG"
"Benguera Island","MZ"
"Willmar","US"
"Haskovo","BG"
"Aasiaat","GL"
"Neerlerit Inaat","GL"
"Ilulissat","GL"
"Kulusuk","GL"
"Maniitsoq","GL"
"Bongo","GA"
"Paamiut","GL"
"Qaanaaq","GL"
"Kangerlussuaq","GL"
"Thule","GL"
"Upernavik","GL"
"Uummannaq","GL"
"Egilsstaðir","IS"
"Fáskrúðsfjörður","IS"
"Fagurhólsmýri","IS"
"Grímsey","IS"
"Húsavík","IS"
"Hvammstangi","IS"
"Reykjavík","IS"
"Norðfjörður","IS"
"Reykhólar","IS"
"Rif","IS"
"Stykkishólmur","IS"
"Thorshofn","IS"
"Baleela Base Camp","SD"
"Bahja","OM"
"Prishtina","XK"
"Bomai","PG"
"Bundi","PG"
"Rurenabaque","BO"
"Brookings","US"
"Besakoa","MG"
"Bunsil - Umboi Island","PG"
"Big Creek","BZ"
"Caye Chapel","BZ"
"Corozal","BZ"
"Melinda","BZ"
"Orange Walk","BZ"
"Placencia","BZ"
"Punta Gorda","BZ"
"Sartaneja","BZ"
"San Pedro","BZ"
"San Ignacio","BZ"
"Belize City","BZ"
"Bazaruto Island","MZ"
"Bemolanga","MG"
"Big Bay","CA"
"Trail","CA"
"Merritt","CA"
"Chilko Lake","CA"
"Courtenay","CA"
"Creston","CA"
"Anahim Lake","CA"
"Sechelt","CA"
"Cache Creek","CA"
"Bella Bella","CA"
"Tumbler Ridge","CA"
"Postville","CA"
"St. Lewis","CA"
"Port Hope Simpson","CA"
"Rigolet","CA"
"Whatì","CA"
"Fort McMurray","CA"
"Conklin","CA"
"Great Bear Lake","CA"
"Cheadle","CA"
"Okoyo","CG"
"Cape Gloucester","PG"
"Casiguran","PH"
"Knee Lake","CA"
"Summer Beaver","CA"
"Crooked Creek","US"
"Tisdale","CA"
"Wunnumin Lake","CA"
"North Spirit Lake","CA"
"Cordova","US"
"Obre Lake","CA"
"Chicken","US"
"Yuanmou","CN"
"Zhangjiakou","CN"
"Lincang","CN"
"Panzhihua","CN"
"Bazhong","CN"
"Huizhou","CN"
"Jian","CN"
"Baise","CN"
"Altay","CN"
"Zhangye","CN"
"Dandong","CN"
"Nantong","CN"
"Bearskin Lake","CA"
"Parry Sound","CA"
"Kingfisher Lake","CA"
"Arauquita","CO"
"La Chorrera","CO"
"Bar River","CA"
"Poplar Hill","CA"
"Keewaywin","CA"
"Lebel-sur-Quévillon","CA"
"Chisasibi","CA"
"Tête-à-la-Baleine","CA"
"Kegaska","CA"
"Fontanges","CA"
"Preston","CU"
"Culion Island","PH"
"Hollister","US"
"Chitina","US"
"Geçitkale","CY"
"La Grande-3","CA"
"La Grande-4","CA"
"Alert Bay","CA"
"Sault Ste Marie","CA"
"Kangirsuk","CA"
"St. Anthony","CA"
"Banff","CA"
"Baie-Comeau","CA"
"Bella Coola","CA"
"Brandon","CA"
"Brochet","CA"
"Lourdes-De-Blanc-Sablon","CA"
"Cambridge Bay","CA"
"Nanaimo","CA"
"Centralia","CA"
"Castlegar","CA"
"Miramichi","CA"
"Kugluktuk","CA"
"Clyde River","CA"
"Dawson City","CA"
"Burwash","CA"
"Deer Lake","CA"
"Dauphin","CA"
"Dolbeau-St-Félicien","CA"
"Elliot Lake","CA"
"Estevan","CA"
"Fort Severn","CA"
"Edson","CA"
"Fort Albany","CA"
"Iqaluit","CA"
"Fredericton","CA"
"Forestville","CA"
"Fort Hope","CA"
"Rivière Rouge","CA"
"Flin Flon","CA"
"Fort Resolution","CA"
"La Grande Rivière","CA"
"Gimli","CA"
"Gods Lake Narrows","CA"
"Gaspé","CA"
"Geraldton","CA"
"Havre St-Pierre","CA"
"Grise Fiord","CA"
"Quaqtaq","CA"
"Chevery","CA"
"Haines Junction","CA"
"Hay River","CA"
"Halifax","CA"
"Digby","CA"
"St-Augustin","CA"
"Island Lake","CA"
"St Jean","CA"
"Collins Bay","CA"
"Aklavik","CA"
"Kitchener","CA"
"Schefferville","CA"
"Waskaganish","CA"
"Kirkland Lake","CA"
"Toronto","CA"
"Aupaluk","CA"
"Lansdowne House","CA"
"Meadow Lake","CA"
"Lutselk e","CA"
"Leaf Rapids","CA"
"Alert","CA"
"Kelowna","CA"
"Moose Jaw","CA"
"Chibougamau","CA"
"Umiujaq","CA"
"Hudson s Hope","CA"
"Langley","CA"
"Fort Mackay","CA"
"Ekati","CA"
"Cold Lake","CA"
"Prince Albert","CA"
"Port Hawkesbury","CA"
"Peace River","CA"
"Pickle Lake","CA"
"Port-Menier","CA"
"Peawanuck","CA"
"Prince Rupert","CA"
"Muskoka","CA"
"The Pas","CA"
"Windsor","CA"
"Watson Lake","CA"
"Moncton","CA"
"Comox","CA"
"St Thomas","CA"
"Thunder Bay","CA"
"Yorkton","CA"
"Quesnel","CA"
"Rivière-du-Loup","CA"
"Red Sucker Lake","CA"
"Sudbury","CA"
"St Catharines","CA"
"St. Theresa Point","CA"
"Sachs Harbour","CA"
"Cape Dorset","CA"
"Trenton","CA"
"Timmins","CA"
"Tuktoyaktuk","CA"
"Repulse Bay","CA"
"Rouyn-Noranda","CA"
"Bonaventure","CA"
"Vermilion","CA"
"Colville Lake","CA"
"Vancouver","CA"
"Buffalo Narrows","CA"
"Wiarton","CA"
"Williams Lake","CA"
"Wrigley","CA"
"Cranbrook","CA"
"Saskatoon","CA"
"Sioux Lookout","CA"
"Pangnirtung","CA"
"Earlton","CA"
"Prince George","CA"
"Terrace","CA"
"North Bay","CA"
"Calgary","CA"
"Fort Nelson","CA"
"Penticton","CA"
"Charlottetown","CA"
"Lynn Lake","CA"
"Swift Current","CA"
"Churchill","CA"
"Goose Bay","CA"
"Kapuskasing","CA"
"Armstrong","CA"
"Mont-Joli","CA"
"Yellowknife","CA"
"Salluit","CA"
"Coral Harbour","CA"
"Sept-Îles","CA"
"Greenwood","CA"
"Bromont","CA"
"Fond-Du-Lac","CA"
"Pukatawagan","CA"
"Grand Forks","CA"
"Little Grand Rapids","CA"
"Cascade Locks","US"
"Kashechewan","CA"
"Thicket Portage","CA"
"Muskrat Dam","CA"
"Chisana","US"
"Chistochina","US"
"Pincher Creek","CA"
"South Indian Lake","CA"
"Stewart","CA"
"Bloodvein River","CA"
"Churchill Falls","CA"
"Lac Brochet","CA"
"Algiers","DZ"
"Sétif","DZ"
"Tamanrasset","DZ"
"Jijel","DZ"
"Constantine","DZ"
"Tébessi","DZ"
"Batna","DZ"
"Tindouf","DZ"
"Tlemcen","DZ"
"El Bayadh","DZ"
"Bordj Badji Mokhtar","DZ"
"Touggourt","DZ"
"Ouargla","DZ"
"Cotonou","BJ"
"Djougou","BJ"
"Kandi","BJ"
"Parakou","BJ"
"Derim","PG"
"Djibo","BF"
"Leo","BF"
"Bogande","BF"
"Diapaga","BF"
"Fada N gourma","BF"
"Gorom-Gorom","BF"
"Kantchari","BF"
"Sebba","BF"
"Tenkodogo","BF"
"Zabré","BF"
"Ouagadougou","BF"
"Banfora","BF"
"Gaoua","BF"
"Nouna","BF"
"Diebougou","BF"
"Accra","GH"
"Sunyani","GH"
"Aboisso","CI"
"Abidjan","CI"
"Boundiali","CI"
"Bouna","CI"
"Bondoukou","CI"
"Korhogo","CI"
"Odienne","CI"
"Ouango Fitini","CI"
"Seguela","CI"
"Sassandra","CI"
"Tabou","CI"
"Touba","CI"
"Dalnerechensk","RU"
"Katsina","NG"
"Abuja","NG"
"Uyo","NG"
"Akure","NG"
"Asaba","NG"
"Benin","NG"
"Calabar","NG"
"Enegu","NG"
"Jos","NG"
"Maiduguri","NG"
"Makurdi","NG"
"Lagos","NG"
"Minna","NG"
"Port Harcourt","NG"
"Zaria","NG"
"Deputatskiy","RU"
"Arlit","NE"
"Dilasag","PH"
"Tabarka","TN"
"Tunis","TN"
"Gafsa","TN"
"Gabès","TN"
"Andavadoaka","MG"
"Mejato Island","MH"
"Antwerp","BE"
"Liège","BE"
"Zoersel","BE"
"Altenburg","DE"
"Heringsdorf","DE"
"Riesa","DE"
"Magdeburg","DE"
"Cottbus","DE"
"Rügen","DE"
"Dresden","DE"
"Frankfurt am Main","DE"
"Münster","DE"
"Hamburg","DE"
"Cologne","DE"
"Nuremberg","DE"
"Leipzig","DE"
"Saarbrücken","DE"
"Stuttgart","DE"
"Memmingen","DE"
"Bielefeld","DE"
"Mönchengladbach","DE"
"Paderborn","DE"
"Weeze","DE"
"Straubing","DE"
"Friedrichshafen","DE"
"Ebermannstadt","DE"
"Giebelstadt","DE"
"Hof","DE"
"Bitburg","DE"
"Zweibrücken","DE"
"Baden-Baden","DE"
"Emden","DE"
"Wilhelmshaven","DE"
"Juist","DE"
"Norddeich","DE"
"Cloppenburg","DE"
"Norderney","DE"
"Baltrum","DE"
"Büsum","DE"
"Flensburg","DE"
"Helgoland","DE"
"Husum","DE"
"Pärnu","EE"
"Tallinn","EE"
"Tartu","EE"
"Enontekio","FI"
"Efogi","PG"
"Halli / Kuorevesi","FI"
"Ivalo","FI"
"Jyväskylän Maalaiskunta","FI"
"Kauhava","FI"
"Kemi / Tornio","FI"
"Kajaani","FI"
"Kokkola / Kruunupyy","FI"
"Kuusamo","FI"
"Kittilä","FI"
"Mikkeli","FI"
"Rovaniemi","FI"
"Sodankyla","FI"
"Turku","FI"
"Utti / Valkeala","FI"
"Vaasa","FI"
"Belfast","GB"
"Enniskillen","GB"
"Derry","GB"
"Staverton","GB"
"Northampton","GB"
"Doncaster","GB"
"Campbeltown","GB"
"Fair Isle","GB"
"Whalsay","GB"
"Coll Island","GB"
"North Ronaldsay","GB"
"Lerwick","GB"
"Westray","GB"
"Haverfordwest","GB"
"Cardiff","GB"
"Swansea","GB"
"Bristol","GB"
"Liverpool","GB"
"Bournemouth","GB"
"Southampton","GB"
"Bembridge","GB"
"Newquay","GB"
"Redhill","GB"
"Farnborough","GB"
"Yateley","GB"
"Lydd, Ashford","GB"
"Blackpool","GB"
"Grimsby","GB"
"Barrow-in-Furness","GB"
"Leeds","GB"
"Newcastle","GB"
"Inverness","GB"
"Glasgow","GB"
"Edinburgh","GB"
"Stornoway","GB"
"Eoligarry","GB"
"Perth","GB"
"Balemartine","GB"
"Kinloss","GB"
"St. Andrews","GB"
"Lossiemouth","GB"
"Cambridge","GB"
"Norwich","GB"
"Duxford","GB"
"Rochester","GB"
"Coningsby","GB"
"Amsterdam","NL"
"Eindhoven","NL"
"Groningen","NL"
"Breda","NL"
"Rotterdam","NL"
"Belmullet","IE"
"Inverin","IE"
"Donegal","IE"
"Inis Oírr","IE"
"Killarney","IE"
"Letterkenny","IE"
"Shannon","IE"
"Sligo","IE"
"Waterford","IE"
"Ejin Banner","CN"
"Enejit Island","MH"
"Billund","DK"
"Esbjerg","DK"
"Karup","DK"
"Rønne","DK"
"Skive","DK"
"Thisted","DK"
"Vagar","FO"
"Skjern / Ringkøbing","DK"
"Aalborg","DK"
"Ålesund","NO"
"Andenes","NO"
"Førde","NO"
"Brønnøy","NO"
"Båtsfjord","NO"
"Målselv","NO"
"Florø","NO"
"Hamar","NO"
"Honningsvåg","NO"
"Kvernberget","NO"
"Farsund","NO"
"Årø","NO"
"Lakselv","NO"
"Ørsta","NO"
"Mo i Rana","NO"
"Røros","NO"
"Sandane","NO"
"Sogndal","NO"
"Svolvær","NO"
"Geiteryggen","NO"
"Leirvik","NO"
"Sørkjosen","NO"
"Vardø","NO"
"Alstahaug","NO"
"Trondheim","NO"
"Vadsø","NO"
"Stavanger","NO"
"Bydgoszcz","PL"
"Częstochowa","PL"
"Radom","PL"
"Rzeszów","PL"
"Olsztyn","PL"
"Wrocław","PL"
"Erdenet","MN"
"Jönköping","SE"
"Lidköping","SE"
"Trollhättan","SE"
"Malmö","SE"
"Växjö","SE"
"Gällivare","SE"
"Söderhamn","SE"
"Östersund","SE"
"Luleå","SE"
"Stockholm","SE"
"Gävle / Sandviken","SE"
"Linköping","SE"
"Visby","SE"
"Västervik","SE"
"Ängelholm","SE"
"Trier","DE"
"Kitzingen","DE"
"Rostock","DE"
"Jagel","DE"
"Wiesbaden","DE"
"Liepāja","LV"
"Ventspils","LV"
"Palanga","LT"
"Panevėžys","LT"
"Vilnius","LT"
"Alexander Bay","ZA"
"Alldays","ZA"
"Bisho","ZA"
"Bultfontein","ZA"
"Cradock","ZA"
"Cape Town","ZA"
"East London","ZA"
"Empangeni","ZA"
"Ficksburg","ZA"
"Midrand","ZA"
"Kimberley","ZA"
"Komatipoort","ZA"
"Kuruman","ZA"
"Londolozi","ZA"
"Louis Trichardt","ZA"
"Ladysmith","ZA"
"Margate","ZA"
"Mkuze","ZA"
"Ngala","ZA"
"Nelspruit","ZA"
"Port Alfred","ZA"
"Plettenberg Bay","ZA"
"Port St Johns","ZA"
"Prieska","ZA"
"Pilanesberg","ZA"
"Polokwane","ZA"
"Potchefstroom","ZA"
"Reivilo","ZA"
"Robertson","ZA"
"Springbok","ZA"
"Secunda","ZA"
"Skukuza","ZA"
"Thohoyandou","ZA"
"Tzaneen","ZA"
"Mthatha","ZA"
"Vyrburg","ZA"
"Vredendal","ZA"
"Vryheid","ZA"
"Francistown","BW"
"Khwai River Lodge","BW"
"Lobatse","BW"
"Orapa","BW"
"Palapye","BW"
"Shakawe","BW"
"Brazzaville","CG"
"Lague","CG"
"Mouyondzi","CG"
"Nkayi","CG"
"Mossendjo","CG"
"Boundji","CG"
"Oyo","CG"
"Ewo","CG"
"Gamboma","CG"
"Kelle","CG"
"Souanke","CG"
"Betou","CG"
"Dolisie","CG"
"Manzini","SZ"
"Fetlar Island","GB"
"Bangassou","CF"
"Birao","CF"
"Bambari","CF"
"Bouar","CF"
"Bossangoa","CF"
"Berbérati","CF"
"Yalinga","CF"
"Zemio","CF"
"Mboki","CF"
"Batangafo","CF"
"Melle","CF"
"Bakouma","CF"
"Ouanda Djallé","CF"
"Rafaï","CF"
"Bouca","CF"
"San Antonio de Palé","GQ"
"Jamestown","SH"
"Port Mathurin","MU"
"Kribi","CM"
"Mamfe","CM"
"Kaélé","CM"
"Batouri","CM"
"Foumban","CM"
"N Gaoundéré","CM"
"Bertoua","CM"
"Dschang","CM"
"Bafoussam","CM"
"Bamenda","CM"
"Ebolowa","CM"
"Yaoundé","CM"
"Mbala","ZM"
"Chipata","ZM"
"Lower Zambezi Natational Park","ZM"
"Kaoma","ZM"
"Livingstone","ZM"
"Mansa","ZM"
"Mfuwe","ZM"
"Mongu","ZM"
"Ngoma","ZM"
"Ndola","ZM"
"Senanga","ZM"
"Kitwe","ZM"
"Sesheke","ZM"
"Solwesi","ZM"
"Zambezi","ZM"
"Ouani","KM"
"St Pierre","RE"
"Malaimbandy","MG"
"Antsirabe","MG"
"Antsalova","MG"
"Ilaka","MG"
"Tambohorano","MG"
"Tsiroanomandidy","MG"
"Mananara Nord","MG"
"Befandriana","MG"
"Nosy Be","MG"
"Soalala","MG"
"Mampikony","MG"
"Tsaratanana","MG"
"Antsohihy","MG"
"Mandritsara","MG"
"Mandabe","MG"
"Ihosy","MG"
"Manja","MG"
"Tanandava","MG"
"Betioky","MG"
"Ankazoabo","MG"
"Cabinda","AO"
"Cafunfo","AO"
"Chitato","AO"
"Catumbela","AO"
"Cuito Cuanavale","AO"
"Cazombo","AO"
"Ngiva","AO"
"Kuito","AO"
"Luzamba","AO"
"Malanje","AO"
"Port Amboim","AO"
"Saurimo","AO"
"Sumbe","AO"
"Lubango","AO"
"Luena","AO"
"Nzagi","AO"
"Booue","GA"
"M Bigou","GA"
"Moabi","GA"
"N Djolé","GA"
"Koulamoutou","GA"
"Okondja","GA"
"Lambarene","GA"
"Minvoul","GA"
"Bitam","GA"
"Mekambo","GA"
"Port Gentil","GA"
"Makokou","GA"
"Franceville","GA"
"Tchibanga","GA"
"Mayumba","GA"
"Angoche","MZ"
"Beira","MZ"
"Chimoio","MZ"
"Inhambabe","MZ"
"Lumbo","MZ"
"Mueda","MZ"
"Mocímboa da Praia","MZ"
"Nampula","MZ"
"Ponta do Ouro","MZ"
"Quelimane","MZ"
"Vilanculo","MZ"
"Xai-Xai","MZ"
"Mahe Island","SC"
"Bird Island","SC"
"Lai","TD"
"Ati","TD"
"N Djamena","TD"
"Bol","TD"
"Mongo","TD"
"Mao","TD"
"Fulleborn","PG"
"Gweru","ZW"
"Club Makokola","MW"
"Dwangwa","MW"
"Karonga","MW"
"Kasungu","MW"
"Likoma Island","MW"
"Mzuzu","MW"
"Nkaus","LS"
"Quthing","LS"
"Qacha s Nek","LS"
"Sekakes","LS"
"Semonkong","LS"
"Thaba-Tseka","LS"
"Arandis","NA"
"Gobabis","NA"
"Karasburg","NA"
"Lianshulu Lodge","NA"
"Mount Etjo Safari Lodge","NA"
"Midgard","NA"
"Omega","NA"
"Okaukuejo","NA"
"Opuwa","NA"
"Otjiwarongo","NA"
"Rundu","NA"
"Terrace Bay","NA"
"Luozi","CD"
"N Kolo-Fuma","CD"
"Nioki","CD"
"Lusanga","CD"
"Basankusu","CD"
"Libenge","CD"
"Ikela","CD"
"Kisangani","CD"
"Butembo","CD"
"Kindu","CD"
"Punia","CD"
"Pweto","CD"
"Kasenga","CD"
"Kongolo","CD"
"Kapanga","CD"
"Kaniama","CD"
"Kananga","CD"
"Luiza","CD"
"Lodja","CD"
"Lusambo","CD"
"Mweka","CD"
"Basongo","CD"
"Ilebo","CD"
"Gandajika","CD"
"Kabinda","CD"
"Gamba","GA"
"Gabbs","US"
"Goundam","ML"
"Kenieba","ML"
"Sikasso","ML"
"Woodlark (Muyua) Island","PG"
"Dornoch","GB"
"Flotta Isle","GB"
"Foula","GB"
"Grunay Island","GB"
"Papa Stour Island","GB"
"Alajero, La Gomera Island","ES"
"Sta Cruz de la Palma, La Palma Island","ES"
"Gran Canaria Island","ES"
"Tenerife Island","ES"
"Melilla","ES"
"Yengema","SL"
"Bubaque","GW"
"Garachiné","PA"
"Nimba","LR"
"Tan Tan","MA"
"Bouarfa","MA"
"Fes","MA"
"Oujda","MA"
"Smara","EH"
"Ben Slimane","MA"
"Beni Mellal","MA"
"Rabat","MA"
"Sidi Ifni","MA"
"Essaouira","MA"
"Nador","MA"
"Marrakech","MA"
"Golog","CN"
"Tétouan","MA"
"Tangier","MA"
"Dakar","SN"
"Kolda","SN"
"Kaolack","SN"
"Matam","SN"
"Podor","SN"
"Saint Louis","SN"
"Bakel","SN"
"Simenti","SN"
"Tambacounda","SN"
"Tichitt","MR"
"Boghe","MR"
"Kiffa","MR"
"Akjoujt","MR"
"Kaédi","MR"
"Moudjeria","MR"
"Dos Lagunas","GT"
"Paso Caballos","GT"
"Tikal","GT"
"Conakry","GN"
"Guriaso","PG"
"Faranah","GN"
"Kissidougou","GN"
"Macenta","GN"
"Nzérékoré","GN"
"Siguiri","GN"
"Rabil","CV"
"Vila do Mosteiros","CV"
"Praia","CV"
"São Pedro","CV"
"Bemichi","GY"
"Washabo","SR"
"Addis Ababa","ET"
"Bahir Dar","ET"
"Beica","ET"
"Dire Dawa","ET"
"Debre Tabor","ET"
"Ghinnir","ET"
"Gambela","ET"
"Debre Zeyit","ET"
"Jimma","ET"
"Kabri Dehar","ET"
"Omo National Park","ET"
"Negele Borana","ET"
"Nejjo","ET"
"Nekemte","ET"
"Soddu","ET"
"Shakiso","ET"
"Asosa","ET"
"Tippi","ET"
"Haycock","US"
"Hatzfeldhaven","PG"
"Bujumbura","BI"
"Kirundo","BI"
"Alula","SO"
"Candala","SO"
"Eyl","SO"
"Gardo","SO"
"Berbera","SO"
"Mogadishu","SO"
"Obbia","SO"
"Galcaio","SO"
"Erigavo","SO"
"Burao","SO"
"Djibouti City","DJ"
"Moucha Island","DJ"
"Obock","DJ"
"Minya","EG"
"Cairo","EG"
"El Gora","EG"
"Luxor","EG"
"Sohag","EG"
"Haelogo","PG"
"Port Said","EG"
"Sharm el-Sheikh","EG"
"Aswan","EG"
"Massawa","ER"
"Hanalei","US"
"Huai an","CN"
"Shilavo","ET"
"Eldoret","KE"
"Eliye Springs","KE"
"Kalokol","KE"
"Garissa","KE"
"Nairobi","KE"
"Kericho","KE"
"Lokichoggio","KE"
"Loyengalani","KE"
"Mandera","KE"
"Malindi","KE"
"Mombasa","KE"
"Nyeri","KE"
"Nanyuki","KE"
"Samburu","KE"
"Wajir","KE"
"Kufra","LY"
"Tripoli","LY"
"Al Bayda ","LY"
"Sabha","LY"
"Erandique","HN"
"Quang Duc","VN"
"Zhayrem","KZ"
"Gisenyi","RW"
"Ruhengeri","RW"
"Kamembe","RW"
"Dongola","SD"
"Higleig","SS"
"El Fasher","SD"
"Gedaref","SD"
"Geneina","SD"
"Heglig Oilfield","SD"
"Zhengzhou","CN"
"Kassala","SD"
"Khashm El Girba","SD"
"Kosti","SD"
"Kadugli","SD"
"Nyala","SD"
"New Halfa","SD"
"Malakal","SS"
"Dar es Salaam","TZ"
"Mbeya","TZ"
"Nduli","TZ"
"Lindi","TZ"
"Moshi","TZ"
"Chake","TZ"
"Shinyanga","TZ"
"Tanga","TZ"
"Kampala","UG"
"Jinja","UG"
"Mbarara","UG"
"Masindi","UG"
"Hawabango","PG"
"Iboki","PG"
"Jakarta","ID"
"Elelim-Papua Island","ID"
"Asmat","ID"
"Kornasoren-Numfoor Island","ID"
"Karubaga-Papua Island","ID"
"Kambuaya-Papua Island","ID"
"Kon","TL"
"Keisah-Papua Island","ID"
"Kelila-Papua Island","ID"
"Lewoleba-Lembata Island","ID"
"Lunyuk-Simbawa Island","ID"
"Mangungaya-Sumatra Island","ID"
"Maliana-Alor Island","ID"
"Banaina-Borneo Island","ID"
"Amgotro","ID"
"Sawan-Bali Island","ID"
"Sangir-Simbawa Island","ID"
"Tumbang Samba-Borneo Island","ID"
"Tiom-Papua Island","ID"
"Senggo-Papua Island","ID"
"Sugapa-Papua Island","ID"
"Indagen","PG"
"Inhaminga","MZ"
"Jagdalpur","IN"
"Neyveli","IN"
"Rajouri","IN"
"Iokea","PG"
"Qeshm","IR"
"Itokama","PG"
"Jiagedaqi","CN"
"Qianjiang","CN"
"Josephstaal","PG"
"Chizhou","CN"
"Durango","US"
"Broadus","US"
"Jackpot","US"
"Rolla","US"
"Port Townsend","US"
"Kayenta","US"
"Ardmore","US"
"Peach Springs","US"
"Cooperstown","US"
"Council","US"
"Iraan","US"
"Chiloquin","US"
"Leonardtown","US"
"Calverton","US"
"Afton","US"
"Grants Pass","US"
"Niles","US"
"Electric City","US"
"Perry","US"
"Manti","US"
"Anacortes","US"
"Roosevelt","US"
"Antlers","US"
"Charlotte","US"
"Allentown","US"
"Abilene","US"
"Albuquerque","US"
"Nantucket","US"
"Arcata/Eureka","US"
"Atlantic City","US"
"Ada","US"
"Jaffrey","US"
"Augusta","US"
"Herlong","US"
"Amery","US"
"Aiken","US"
"Kaiser Lake Ozark","US"
"Akron","US"
"Alice","US"
"Alamosa","US"
"Walla Walla","US"
"Annapolis","US"
"Ainsworth","US"
"Anthony","US"
"Altoona","US"
"Fort A. P. Hill","US"
"Kamulai Mission","PG"
"Ann Arbor","US"
"Wharton","US"
"Watertown","US"
"Minocqua-Woodruff","US"
"Aspen","US"
"Talladega","US"
"Astoria","US"
"Ashland","US"
"Atlanta","US"
"Artesia","US"
"Asheville","US"
"Avon Park","US"
"Wilkes-Barre/Scranton","US"
"Altus","US"
"Tullahoma","US"
"Kalamazoo","US"
"Westfield/Springfield","US"
"Battle Mountain","US"
"Brady","US"
"Bennettsville","US"
"Boulder","US"
"Wichita","US"
"Bedford","US"
"Benton Harbor","US"
"Scottsbluff","US"
"Seattle","US"
"Bakersfield","US"
"Bemidji","US"
"Wooster","US"
"Cleveland","US"
"Beckley","US"
"Bluefield","US"
"Bloomington","US"
"Nashville","US"
"Banning","US"
"Burns","US"
"Boone","US"
"Boise","US"
"Big Piney","US"
"Mountain Home","US"
"Brunswick","US"
"Brownsville","US"
"Bardstown","US"
"Bountiful","US"
"Butte","US"
"Britton","US"
"Baton Rouge","US"
"Burwell","US"
"Buffalo","US"
"Burbank","US"
"Burlington/Mount Vernon","US"
"Beverly","US"
"Brawley","US"
"Brownwood","US"
"Bowling Green","US"
"Baltimore","US"
"Buckeye","US"
"Blytheville","US"
"Bozeman","US"
"Lake Geneva","US"
"Craig","US"
"Clayton","US"
"Caribou","US"
"Colby","US"
"Concord","US"
"Lyndonville","US"
"Chadron","US"
"Childress","US"
"Crescent City","US"
"Clemson","US"
"Crestview","US"
"Bryan","US"
"Clifton/Morenci","US"
"Coffeyville","US"
"Casa Grande","US"
"Chattanooga","US"
"Chickasha","US"
"Charlottesville","US"
"Chico","US"
"Carroll","US"
"Crookston","US"
"Clarksville","US"
"Chignik Flats","US"
"Clinton","US"
"College Station","US"
"Hancock","US"
"Claremont","US"
"Concordia","US"
"Chino","US"
"Chanute","US"
"Coeur d Alene","US"
"Cocoa Beach","US"
"Coleman","US"
"Cotulla","US"
"Compton","US"
"Corsicana","US"
"Corinth","US"
"Cushing","US"
"Corvallis","US"
"Mosinee","US"
"Wichita Falls","US"
"Houston","US"
"Carson City","US"
"Nankoku","JP"
"Carrizo Springs","US"
"Tioga","US"
"Daytona Beach","US"
"Daggett","US"
"Dubuque","US"
"Decatur","US"
"Decorah","US"
"Detroit","US"
"Dallas-Fort Worth","US"
"Douglas","US"
"Dalhart","US"
"Dickinson","US"
"Dunkirk","US"
"Del Rio","US"
"Sedalia","US"
"Denison","US"
"Dover","US"
"Dugway Proving Ground","US"
"Kamberatoro Mission","PG"
"Mercury","US"
"De Ridder","US"
"Drummond Island","US"
"Kamaran Downs","AU"
"Dansville","US"
"Delta","US"
"Detroit Lakes","US"
"Devils Lake","US"
"Davenport","US"
"Slayton","US"
"Phoenix","US"
"Danbury","US"
"Maasai Mara","KE"
"Liboi","KE"
"Lake Rudolf","KE"
"Mara Lodges","KE"
"Crane","US"
"Wheatland","US"
"Kearney","US"
"Wenatchee","US"
"Panama City Beach","US"
"Edenton","US"
"Edwards","US"
"Needles","US"
"Keene","US"
"Newport","US"
"Jefferson","US"
"Eagle","US"
"Eagle River","US"
"Ekwok","US"
"Elkhart","US"
"Elizabethtown","US"
"El Dorado","US"
"Ely","US"
"El Paso","US"
"Emporia","US"
"Kenosha","US"
"Ephrata","US"
"Errol","US"
"Kerrville","US"
"Estherville","US"
"West Bend","US"
"Eufaula","US"
"Eveleth","US"
"New Bedford","US"
"Kanabea","PG"
"Murrieta/Temecula","US"
"Fort Eustis","US"
"Fargo","US"
"Faribault","US"
"Minneapolis","US"
"Fort Carson","US"
"Frederick","US"
"Findlay","US"
"Fremont","US"
"Fairfield","US"
"Frankfort","US"
"Friday Harbor","US"
"Fond du Lac","US"
"Flagstaff","US"
"Fort Lauderdale","US"
"Flippin","US"
"Fort Meade(Odenton)","US"
"Fort Collins/Loveland","US"
"Flint","US"
"Westhampton Beach","US"
"Fort Pierce","US"
"Farmingdale","US"
"French Lick","US"
"Fort Riley(Junction City)","US"
"Front Royal","US"
"Sioux Falls","US"
"Fort Sill","US"
"Fort Stockton","US"
"Fort Sumner","US"
"Fort Knox","US"
"Fullerton","US"
"Frenchville","US"
"Forest City","US"
"Gadsden","US"
"Galesburg","US"
"Garden City","US"
"Greeneville","US"
"Gardner","US"
"Gladwin","US"
"Spokane","US"
"Glens Falls","US"
"Centerville","US"
"Meadville","US"
"Sevierville","US"
"Gainesville","US"
"Gaylord","US"
"Galveston","US"
"Gooding","US"
"Guthrie","US"
"Groton (New London)","US"
"Kalispell","US"
"Green Bay","US"
"Fort Lewis/Tacoma","US"
"Fort Hood/Killeen","US"
"Goldsboro","US"
"Great Falls","US"
"Columbus/W Point/Starkville","US"
"Greeley","US"
"Sherman/Denison","US"
"Glacier Creek","US"
"Half Moon Bay","US"
"Hattiesburg","US"
"Natchez","US"
"Hawthorne","US"
"Hibbing","US"
"Ogden","US"
"Jackson","US"
"Hickory","US"
"Hill City","US"
"Holland","US"
"Hemet","US"
"Huntingburg","US"
"Las Vegas","US"
"Hobbs","US"
"Huron","US"
"Hot Springs","US"
"Hampton","US"
"Baytown","US"
"Hoquiam","US"
"Hermiston","US"
"Harlingen","US"
"Thermopolis","US"
"Homestead","US"
"Houghton Lake","US"
"Chesapeake/Huntington Wva","US"
"Redstone Arsnl Huntsville","US"
"Terre Haute","US"
"Houlton","US"
"Houma","US"
"New Haven","US"
"Havre","US"
"Hayward","US"
"Hollywood","US"
"Shirley","US"
"Hyannis","US"
"Ashtabula","US"
"Niagara Falls","US"
"Idaho Falls","US"
"Indiana","US"
"Bullhead City","US"
"Kingman","US"
"Kilwa","CD"
"Killeen","US"
"Immokalee","US"
"Madison","US"
"Iron Mountain / Kingsford","US"
"International Falls","US"
"Winston Salem","US"
"Winslow","US"
"Iowa City","US"
"Sturgis","US"
"Orlando","US"
"Williston","US"
"Kinston","US"
"Islip","US"
"Wiscasset","US"
"Jonesboro","US"
"Gulf Shores","US"
"Johnstown","US"
"King City","US"
"Kelso","US"
"Borrego Springs","US"
"Trona","US"
"Lamar","US"
"Lafayette","US"
"Lansing","US"
"Laramie","US"
"Los Angeles","US"
"Latrobe","US"
"Liberal","US"
"Lumberton","US"
"Angleton/Lake Jackson","US"
"Laconia","US"
"Lake City","US"
"Ludington","US"
"Lebanon","US"
"Auburn/Lewiston","US"
"Lexington","US"
"La Grande","US"
"Yuma Proving Ground(Yuma)","US"
"Logan","US"
"Louisburg","US"
"Limon","US"
"Little Rock","US"
"Lake Placid","US"
"Challis","US"
"Klamath Falls","US"
"West Palm Beach","US"
"Lincoln","US"
"Lone Rock","US"
"Lancaster","US"
"Pickens","US"
"Le Mars","US"
"Lordsburg","US"
"La Crosse","US"
"Los Banos","US"
"Livermore","US"
"Lawrenceville","US"
"Lewisburg","US"
"Wells","US"
"Lewistown","US"
"Leadville","US"
"Lynchburg","US"
"Lyons","US"
"Poplarville","US"
"Malta","US"
"Macon","US"
"Midland","US"
"Konambe","PG"
"Saginaw","US"
"Moberly","US"
"Mc Comb","US"
"Mackinac Island","US"
"Tampa","US"
"Kansas City","US"
"Mc Cook","US"
"Chicago","US"
"Medford","US"
"Memphis","US"
"Mansfield","US"
"Melfa","US"
"Michigan City","US"
"Manhattan","US"
"Miami","US"
"Minot","US"
"Shafter","US"
"Millville","US"
"Milwaukee","US"
"Melbourne","US"
"Mammoth Lakes","US"
"Marks","US"
"Menominee","US"
"Modesto","US"
"Morrilton","US"
"Coatesville","US"
"Martinsburg","US"
"Columbia/Mount Pleasant","US"
"Marfa","US"
"Morganton","US"
"Muscle Shoals","US"
"Massena","US"
"New Orleans","US"
"Mount Clemens","US"
"Montauk","US"
"Manitowoc","US"
"Fort Indiantown Gap(Annville)","US"
"Muscatine","US"
"Monroeville","US"
"Morrisville","US"
"Martha s Vineyard","US"
"Mineral Wells","US"
"San Diego","US"
"Foley","US"
"Lakehurst","US"
"Norfolk","US"
"El Centro","US"
"Lemoore","US"
"Pensacola","US"
"Mayport","US"
"Mountain View","US"
"Oakdale","US"
"Yerington","US"
"Oakland","US"
"Ocala","US"
"Nacogdoches","US"
"Vincennes","US"
"Osceola","US"
"Omaha","US"
"Oceanside","US"
"Oklahoma City","US"
"Oshkosh","US"
"Olympia","US"
"Nogales","US"
"O Neill","US"
"Ontario","US"
"North Kingstown","US"
"Worcester","US"
"Eastsound","US"
"Ottumwa","US"
"Owensboro","US"
"Norwood","US"
"Ozona","US"
"Fort Rucker/Ozark","US"
"Hoemun-ri","KP"
"Polacca","US"
"Globe","US"
"Willcox","US"
"Everett","US"
"Paducah","US"
"Panama City","US"
"Palo Alto","US"
"Plattsburgh","US"
"Pikeville","US"
"Pendleton","US"
"Pecos","US"
"Paragould","US"
"Andrews","US"
"Pahokee","US"
"Paris","US"
"Pocatello","US"
"Pine Mountain","US"
"Parkersburg","US"
"Park Rapids","US"
"Kapal","PG"
"Branson / Hollister","US"
"Pell City","US"
"Pembina","US"
"Pompano Beach","US"
"Princeton","US"
"Fort Polk","US"
"Pampa","US"
"Parsons","US"
"Paso Robles","US"
"Pasco","US"
"Palestine","US"
"Pontiac","US"
"Patterson","US"
"Pratt","US"
"Porterville","US"
"Pottstown","US"
"Price","US"
"Placerville","US"
"Provo","US"
"Plainview","US"
"Chicago/Prospect Heights/Wheeling","US"
"Bremerton","US"
"Kol","PG"
"Riverside","US"
"Red Bluff","US"
"Reed City","US"
"Redding","US"
"Reading","US"
"Redmond","US"
"Rhinelander","US"
"Rifle","US"
"Roanoke","US"
"Roswell","US"
"Rice Lake","US"
"Roundup","US"
"El Reno","US"
"Merrill","US"
"Warroad","US"
"Russell","US"
"Raton","US"
"Gunim","PG"
"Salisbury","US"
"Rutland","US"
"Tulsa","US"
"Redwood Falls","US"
"Rocky Mount","US"
"Rawlins","US"
"Rexburg","US"
"Grangeville","US"
"Kennewick","US"
"Safford","US"
"San Antonio","US"
"Marquette","US"
"Santa Barbara","US"
"Sheboygan","US"
"San Luis Obispo","US"
"Steamboat Springs","US"
"Schenectady","US"
"Sebring","US"
"Selinsgrove","US"
"Selma","US"
"Seymour","US"
"Sanford","US"
"San Francisco","US"
"Pawtucket","US"
"Springfield","US"
"St George","US"
"Shelton","US"
"Salem","US"
"Sulphur Springs","US"
"Santa Maria","US"
"Santa Ana","US"
"Shawnee","US"
"Salinas","US"
"Spartanburg","US"
"Spearfish","US"
"St Petersburg","US"
"Spencer","US"
"Ruidoso","US"
"Stevens Point","US"
"St Joseph","US"
"St Paul","US"
"Silver City","US"
"Statesville","US"
"Shelbyville","US"
"Sylvester","US"
"Knob Noster","US"
"Tuba City","US"
"Fort Leonard Wood","US"
"Katiola","CI"
"Tucumcari","US"
"Truth Or Consequences","US"
"Teterboro","US"
"Telluride","US"
"Kennett","US"
"Tallahassee","US"
"Tillamook","US"
"Tonopah","US"
"Bristol/Johnson/Kingsport","US"
"Truckee","US"
"Terrell","US"
"Tehachapi","US"
"Traverse City","US"
"Thief River Falls","US"
"Thomasville","US"
"Texarkana","US"
"Tyler","US"
"Knoxville","US"
"Glen Canyon Natl Rec Area","US"
"Nephi","US"
"Green River","US"
"Panguitch","US"
"Cascade","US"
"Ukiah","US"
"New Ulm","US"
"Athens/Albany","US"
"State College","US"
"Sewanee","US"
"Kupiano","PG"
"Rock Hill","US"
"Mount Holly","US"
"Victorville","US"
"Vidalia","US"
"Kitava Island","PG"
"Rolla/Vichy","US"
"Visalia","US"
"Vicksburg","US"
"Valentine","US"
"Willows","US"
"Warner Robins","US"
"Wrightstown","US"
"Worland","US"
"White Sands","US"
"Watsonville","US"
"Yankton","US"
"Youngstown/Warren","US"
"Atbasar","KZ"
"Zephyrhills","US"
"Gorna Oryahovitsa","BG"
"Luabo","MZ"
"Plovdiv","BG"
"Sofia","BG"
"Targovishte","BG"
"Varna","BG"
"Nicosia","CY"
"Dubrovnik","HR"
"Brač Island","HR"
"Split","HR"
"Lansdowne Station","AU"
"Zemunik (Zadar)","HR"
"Almería","ES"
"Ranón","ES"
"Córdoba","ES"
"Barcelona","ES"
"Badajoz","ES"
"Castellón de la Plana","ES"
"Culleredo","ES"
"Granada","ES"
"Ibiza","ES"
"Logroño","ES"
"Morón","ES"
"Palma De Mallorca","ES"
"Salamanca","ES"
"Hondarribia","ES"
"Alava","ES"
"Santander","ES"
"Sevilla","ES"
"Albert/Bray","FR"
"Valenciennes/Denain","FR"
"Agen/La Garenne","FR"
"Bordeaux/Mérignac","FR"
"Bergerac/Roumanière","FR"
"Cognac/Châteaubernard","FR"
"La Rochelle/Île de Ré","FR"
"Tarbes/Lourdes/Pyrénées","FR"
"Angoulême/Brie/Champniers","FR"
"Périgueux/Bassillac","FR"
"Perigueux","FR"
"Biarritz/Anglet/Bayonne","FR"
"Albi/Le Séquestre","FR"
"Castres/Mazamet","FR"
"Rodez/Marcillac","FR"
"Royan/Médis","FR"
"Montauban","FR"
"Île d Yeu","FR"
"Dole/Tavaux","FR"
"Le Puy/Loudes","FR"
"L Alpe d Huez","FR"
"Propriano","FR"
"Solenzara","FR"
"Clermont-Ferrand/Auvergne","FR"
"Bourges","FR"
"Annemasse","FR"
"Saint-Yan","FR"
"Roanne/Renaison","FR"
"Grenoble/Saint-Geoirs","FR"
"Châteauroux/Déols","FR"
"Lyon/Bron","FR"
"Carcassonne/Salvaza","FR"
"Marseille","FR"
"Avignon/Caumont","FR"
"Mende/Brénoux","FR"
"Mende","FR"
"Évreux/Fauville","FR"
"Abbeville","FR"
"Orléans/Bricy","FR"
"Vatry","FR"
"Les Sables-d Olonne","FR"
"Rouen/Vallée de Seine","FR"
"Tours/Val de Loire (Loire Valley)","FR"
"Laval/Entrammes","FR"
"Creil","FR"
"Cormeilles-en-Vexin","FR"
"Villacoublay/Vélizy","FR"
"Lille/Lesquin","FR"
"Cherbourg/Maupertus","FR"
"Dinard/Pleurtuit/Saint-Malo","FR"
"Granville","FR"
"Deauville","FR"
"Lorient/Lann/Bihoué","FR"
"La Roche-sur-Yon/Les Ajoncs","FR"
"Landivisiau","FR"
"Lannion","FR"
"Quimper/Pluguffan","FR"
"Vannes/Meucon","FR"
"Saint-Nazaire/Montoir","FR"
"Bâle/Mulhouse","FR"
"Dijon/Longvic","FR"
"Nancy/Essey","FR"
"Toulon/Hyères/Le Palyvestre","FR"
"La Môle","FR"
"Andravida","GR"
"Alexandroupolis","GR"
"Nea Anchialos","GR"
"Ikaria Island","GR"
"Heraklion","GR"
"Kefallinia Island","GR"
"Kalymnos Island","GR"
"Limnos Island","GR"
"Linga Linga","PG"
"Astypalaia Island","GR"
"Preveza/Lefkada","GR"
"Souda","GR"
"Skiros Island","GR"
"Miskolc","HU"
"Pécs-Pogány","HU"
"Sármellék","HU"
"Crotone","IT"
"Pescara","IT"
"Catania","IT"
"Lampedusa","IT"
"Palermo","IT"
"Reggio Calabria","IT"
"Ravenna","IT"
"Alghero","IT"
"Decimomannu","IT"
"Arbatax","IT"
"Milan","IT"
"Bergamo","IT"
"Parma","IT"
"Aosta","IT"
"Cuneo","IT"
"Aviano (PN)","IT"
"Bolzano","IT"
"Udine","IT"
"Bologna","IT"
"Treviso","IT"
"Trieste","IT"
"Lucca","IT"
"Rieti","IT"
"Siena","IT"
"Salerno","IT"
"Firenze","IT"
"Perugia","IT"
"Ljubljana","SI"
"Mariánské Lázně","CZ"
"Ostrava","CZ"
"Olomouc","CZ"
"Pardubice","CZ"
"Vodochody","CZ"
"Beersheba","IL"
"Eilat","IL"
"Sapir","IL"
"La Lima","HN"
"Haifa","IL"
"Rosh Pina","IL"
"Kiryat Shmona","IL"
"Lissadell Station","AU"
"Yotvata","IL"
"La Macarena","CO"
"Palma","MZ"
"Hohenems / Dornbirn","AT"
"Lagos de Moreno","MX"
"Innsbruck","AT"
"Vila Franca de Xira","PT"
"Vila do Porto","PT"
"Braga","PT"
"Corvo","PT"
"Cascais","PT"
"Santa Cruz das Flores","PT"
"Horta","PT"
"Funchal","PT"
"Ponta Delgada","PT"
"Pico Island","PT"
"Porto","PT"
"Velas","PT"
"Vila Real","PT"
"Viseu","PT"
"Tuzla","BA"
"Bacău","RO"
"Baia Mare","RO"
"Bucharest","RO"
"Constanţa","RO"
"Cluj-Napoca","RO"
"Craiova","RO"
"Sibiu","RO"
"Satu Mare","RO"
"Suceava","RO"
"Târgu Mureş","RO"
"Timişoara","RO"
"Locarno","CH"
"Adana","TR"
"Antalya","TR"
"Gaziantep","TR"
"Kastamonu","TR"
"Konya","TR"
"Sivas","TR"
"Zonguldak","TR"
"Malatya","TR"
"Kayseri","TR"
"Tokat","TR"
"Denizli","TR"
"Aydın","TR"
"Bursa","TR"
"Çanakkale","TR"
"İzmir","TR"
"Dalaman","TR"
"Çorlu","TR"
"Eskişehir","TR"
"Erzurum","TR"
"Trabzon","TR"
"Şanlıurfa","TR"
"Van","TR"
"Muş","TR"
"Siirt","TR"
"Sinop","TR"
"Kahramanmaraş","TR"
"Hakkari","TR"
"Hatay","TR"
"Isparta","TR"
"Edremit","TR"
"Bălți","MD"
"Lebak","PH"
"Ohrid","MK"
"Gibraltar","GI"
"Derna","LY"
"Ubari","LY"
"Batajnica","RS"
"Nis","RS"
"Podgorica","ME"
"Tivat","ME"
"Lučenec","SK"
"Sliač","SK"
"Goulimime","MA"
"Mamai","PG"
"Cockburn Town","TC"
"Middle Caicos","TC"
"Providenciales Island","TC"
"Cabo Rojo","DO"
"La Romana","DO"
"Santo Domingo","DO"
"Médouneu, Gabon","GQ"
"Limestone","US"
"Melfi","TD"
"Moramanga","MG"
"Doany","MG"
"Coban","GT"
"Carmelita","GT"
"Huehuetenango","GT"
"Melchor de Mencos","GT"
"Manga Mission","PG"
"Santa Cruz del Quiche","GT"
"Quezaltenango","GT"
"Rio Dulce","GT"
"Puerto San José","GT"
"Aur Atoll","MH"
"Ebadon Island","MH"
"Ailinglapalap Atoll","MH"
"Kaben","MH"
"Likiep Island","MH"
"Maloelap Island","MH"
"Mejit Atoll","MH"
"Namorik Atoll","MH"
"Rongelap Island","MH"
"Wotje Atoll","MH"
"Ahuas","HN"
"Brus Laguna","HN"
"Catacamas","HN"
"Coyoles","HN"
"Olanchito","HN"
"Gracias","HN"
"Jutigalpa","HN"
"Guanaja","HN"
"Roatan Island","HN"
"Comayagua","HN"
"Tegucigalpa","HN"
"Mainoru","AU"
"Maganja","MZ"
"Ocho Rios","JM"
"Montego Bay","JM"
"Ken Jones","JM"
"Babase Island","PG"
"Mili Island","MH"
"Tizimin","MX"
"Cananea","MX"
"Ciudad del Carmen","MX"
"Comitán","MX"
"Ciudad Juárez","MX"
"Chihuahua","MX"
"Ciudad Victoria","MX"
"Cozumel","MX"
"Ciudad Constitución","MX"
"Tepic","MX"
"Guadalajara","MX"
"Guaymas","MX"
"Ixtepec","MX"
"Lázaro Cárdenas","MX"
"Silao","MX"
"Matamoros","MX"
"Morelia","MX"
"Mexico City","MX"
"Monterrey","MX"
"Poza Rica","MX"
"La Ribera","MX"
"Puerto Vallarta","MX"
"Querétaro","MX"
"Reynosa","MX"
"San José del Cabo","MX"
"San Luis Potosí","MX"
"Torreón","MX"
"Tijuana","MX"
"Tampico","MX"
"Tapachula","MX"
"Zacatecas","MX"
"Ölgii","MN"
"Bonanza","NI"
"Corn Island","NI"
"Managua","NI"
"La Rosita","NI"
"Siuna","NI"
"Changuinola","PA"
"David","PA"
"Colón","PA"
"Jaqué","PA"
"Albrook","PA"
"Tocumen","PA"
"El Porvenir","PA"
"Malam","PG"
"La Fortuna/San Carlos","CR"
"Brasilito","CR"
"Golfito","CR"
"Nandayure","CR"
"Liberia","CR"
"Cañas","CR"
"Rio Frio / Progreso","CR"
"Coto Brus","CR"
"Tamarindo","CR"
"Upala","CR"
"San Salvador (San Luis Talpa)","SV"
"Les Cayes","HT"
"Cap Haitien","HT"
"Fairbanks","US"
"Jeremie","HT"
"Montepuez","MZ"
"Baracoa","CU"
"Cayo Coco","CU"
"Holguin","CU"
"Pinar del Rio","CU"
"Maisi","CU"
"Mayajigua","CU"
"Moa","CU"
"San Nicolás","CU"
"Santa Clara","CU"
"Isla de la Juventud","CU"
"Sancti Spiritus","CU"
"Las Tunas","CU"
"Cayman Brac","KY"
"Little Cayman","KY"
"Motswari Private Game Reserve","ZA"
"Solidaridad","MX"
"Punta Chivato","MX"
"Salina Cruz","MX"
"Tulum","MX"
"San Luis Río Colorado","MX"
"Long Lama","MY"
"Marsh Harbour","BS"
"Andros Island","BS"
"Arthur s Town","BS"
"North Cat Cay","BS"
"George Town","BS"
"North Eleuthera","BS"
"May Creek","US"
"Deadman s Cay","BS"
"Ibo","MZ"
"Baishan","CN"
"Atiu Island","CK"
"Manihiki Island","CK"
"Weeping Water","US"
"Cicia","FJ"
"Rabi Island","FJ"
"Vunisea","FJ"
"Mana Island","FJ"
"Moala","FJ"
"Nausori","FJ"
"Lakeba Island","FJ"
"Matei","FJ"
"Koro Island","FJ"
"Vatukoula","FJ"
"Wakaya Island","FJ"
"Ono-i-Lau","FJ"
"Yasawa Island","FJ"
"Vava u Island","TO"
"Gombe","NG"
"Warri","NG"
"Abaiang","KI"
"Kuria","KI"
"Marakei","KI"
"Nikunau","KI"
"Abemama Atoll","KI"
"Tamana Island","KI"
"Nonouti","KI"
"Arorae Island","KI"
"Tabiteuea South","KI"
"Buariki","KI"
"Alofi","NU"
"Sinak","ID"
"Futuna Island","WF"
"Wallis Island","WF"
"Nangade","MZ"
"Nomad River","PG"
"Newry","AU"
"Ofu Village","AS"
"Fitiuta Village","AS"
"Maota","WS"
"Pago Pago","AS"
"Papeete","PF"
"Rimatara Island","PF"
"Apataki","PF"
"Hikueru Atoll","PF"
"Napuka Island","PF"
"Pukarua","PF"
"Ahe Atoll","PF"
"Katiu","PF"
"Ua Huka","PF"
"Motu Mute","PF"
"Tupai Atoll","PF"
"Mururoa Atoll","PF"
"Ablow","VU"
"Loh/Linua","VU"
"Emae Island","VU"
"Longana","VU"
"Lamap","VU"
"Lamen Bay","VU"
"Gaua Island","VU"
"Redcliffe","VU"
"Tongoa Island","VU"
"Ambryn Island","VU"
"Malekula Island","VU"
"Olpoi","VU"
"Anatom Island","VU"
"Aniwa","VU"
"Ipota","VU"
"Port Vila","VU"
"Waala","NC"
"Lifou","NC"
"Touho","NC"
"Ouvéa","NC"
"Taupo","NZ"
"Dunedin","NZ"
"Kaitaia","NZ"
"Alexandra","NZ"
"Masterton","NZ"
"Rotorua","NZ"
"Tokoroa","NZ"
"Taharoa","NZ"
"Twitzel","NZ"
"Bamiyan","AF"
"Sardeh Band","AF"
"Farah","AF"
"Khwahan","AF"
"Kabul","AF"
"Khost","AF"
"Urgun","AF"
"Sharana","AF"
"Taloqan","AF"
"Ad Dammam","SA"
"Dawadmi","SA"
"Jizan","SA"
"Gurayat","SA"
"Ha il","SA"
"King Khaled Military City","SA"
"Rafha","SA"
"Al-Jawf","SA"
"Tabuk","SA"
"Ta’if","SA"
"Al Wajh","SA"
"Yanbu","SA"
"Zilfi","SA"
"Gachsaran","IR"
"Ahwaz","IR"
"Bushehr","IR"
"Kish Island","IR"
"Bandar Lengeh","IR"
"Asalouyeh","IR"
"Isfahan","IR"
"Rasht","IR"
"Hamadan","IR"
"Araak","IR"
"Karaj","IR"
"Havadarya","IR"
"Birjand","IR"
"Sarakhs","IR"
"Mashhad","IR"
"Bojnord","IR"
"Tabas","IR"
"Kalaleh","IR"
"Lar","IR"
"Ardabil","IR"
"Urmia","IR"
"Showt","IR"
"Zahedan","IR"
"Iranshahr","IR"
"Amman","JO"
"Aqaba","JO"
"Ahmed Al Jaber AB","KW"
"Kuwait City","KW"
"Olsobip","PG"
"Dibba Al-Baya","OM"
"Al Masna ah","OM"
"Abu Dhabi","AE"
"Dubai","AE"
"Jebel Ali","AE"
"Osmanabad","IN"
"Sharjah","AE"
"Buraimi","OM"
"Fahud","OM"
"Ghaba","OM"
"Masirah","OM"
"Salalah","OM"
"Sohar","OM"
"Sur","OM"
"Bannu","PK"
"Chitral","PK"
"Dalbandin","PK"
"Dera Ghazi Khan","PK"
"Jacobabad","PK"
"Karachi","PK"
"Hyderabad","PK"
"Khuzdar","PK"
"Kalat","PK"
"Kohat","PK"
"Loralai","PK"
"Sindhri","PK"
"Kamra","PK"
"Ormara Raik","PK"
"Panjgur","PK"
"Pasni","PK"
"Rawalakot","PK"
"Mirpur Khas","PK"
"Sehwan Sharif","PK"
"Sialkot","PK"
"Sui","PK"
"Sahiwal","PK"
"Tarbela","PK"
"Badin","PK"
"Waana","PK"
"Fort Sandeman","PK"
"Hīt","IQ"
"Al Habbaniyah","IQ"
"Bamarni","IQ"
"Balad","IQ"
"Baghdad","IQ"
"Mosul","IQ"
"Arbil","IQ"
"Najaf","IQ"
"Deir ez-Zor","SY"
"Omora","PG"
"Latakia","SY"
"Ar Rayyan","QA"
"Abbse","YE"
"Hodeida","YE"
"Kamaran","YE"
"Mareb","YE"
"Qishn","YE"
"Riyan","YE"
"Sadah","YE"
"Socotra Islands","YE"
"Sayun","YE"
"Alligandi","PA"
"Carti","PA"
"Utqiaġvik","US"
"Bettles","US"
"Central","US"
"Chalkyitsik","US"
"Chefornak","US"
"Scammon Bay","US"
"Cape Romanzof","US"
"Deering","US"
"Red Dog","US"
"Adak Island","US"
"Anchorage","US"
"Eek","US"
"Cape Newenham","US"
"Emmonak","US"
"Fairbanks/Ft Wainwright","US"
"Nikolai","US"
"Five Mile","US"
"Gulkana","US"
"Golovin","US"
"Gambell","US"
"Nightmute","US"
"Skagway","US"
"Homer","US"
"Igiugig","US"
"Kiana","US"
"Iliamna","US"
"McKinley Park","US"
"Wales","US"
"Koliganek","US"
"Koyuk","US"
"King Salmon","US"
"Ketchikan","US"
"Kuparuk","US"
"Klawock","US"
"Kalskag","US"
"Deadhorse","US"
"Cape Lisburne","US"
"Manokotak","US"
"McGrath","US"
"Aniak","US"
"Nondalton","US"
"Annette","US"
"Anvik","US"
"Kobuk","US"
"Portage Creek","US"
"Toksook Bay","US"
"Nelson Lagoon","US"
"Port Clarence","US"
"Port Heiden","US"
"Napaskiak","US"
"Pilot Point","US"
"Quinhagak","US"
"Nuiqsut","US"
"Russian Mission","US"
"Sitka","US"
"Selawik","US"
"Sleetmute","US"
"St Mary s","US"
"Talkeetna","US"
"Takotna","US"
"Atqasuk","US"
"Umiat","US"
"King Cove","US"
"Venetie","US"
"Wasilla","US"
"Yakutat","US"
"Phongsaly","LA"
"Machu Pichu","PE"
"Akiak","US"
"Allakaket","US"
"Chenega","US"
"Koyukuk","US"
"Noorvik","US"
"Tok","US"
"Cape Rodney","PG"
"Emirau Island","PG"
"Erave","PG"
"Esa ala","PG"
"Garaina","PG"
"Gonaili","PG"
"Biangabip","PG"
"Sengapi","PG"
"Anguganak","PG"
"Awaba","PG"
"Bialla, Matalilu, Ewase","PG"
"Chungribu","PG"
"Bainyik","PG"
"Ihu","PG"
"Nissan Island","PG"
"Jacquinot Bay","PG"
"Lake Murray","PG"
"Obo","PG"
"Telefomin","PG"
"Tol","PG"
"Baimuru","PG"
"Wipim","PG"
"Port Graham","US"
"Rota Island","MP"
"Saipan Island","MP"
"Hagåtña, Guam International Airport","GU"
"Tinian Island","MP"
"Cagayan de Oro City","PH"
"El Nido","PH"
"Wahiawa","US"
"Lahaina","US"
"Kapolei","US"
"Kailua/Kona","US"
"Lihue","US"
"Kalaupapa","US"
"Kamuela","US"
"Kaneohe","US"
"Kahului","US"
"Islamabad","PK"
"Bhurban","PK"
"Kadanwari","PK"
"Sawan","PK"
"Kwajalein","MH"
"Teraina","KI"
"Sand Island","UM"
"Phanom Sarakham","TH"
"Point Lay","US"
"Humacao","PR"
"Weno Island","FM"
"Babelthuap Island","PW"
"Wake Island","UM"
"Bahía Negra","PY"
"Fuerte Olimpo","PY"
"Puerto Leda","PY"
"Kili Island","MH"
"Rakanda","PG"
"Arawa","PG"
"Shang-I","TW"
"Chiayi City","TW"
"Hengchung","TW"
"Taichung City","TW"
"Orchid Island","TW"
"Beigan Island","TW"
"Tainan City","TW"
"Makung City","TW"
"Taipei City","TW"
"Wang-an","TW"
"Red Devil","US"
"Tokyo","JP"
"Matsumoto","JP"
"Omitama","JP"
"Osaka","JP"
"Shirahama","JP"
"Obihiro","JP"
"Chitose / Tomakomai","JP"
"Kushiro","JP"
"Ōzora","JP"
"Sapporo","JP"
"Rebun","JP"
"Iki","JP"
"Ube","JP"
"Okushiri Island","JP"
"Rishiri","JP"
"Yakushima","JP"
"Fukuoka","JP"
"Tanegashima","JP"
"Kagoshima","JP"
"Amami","JP"
"Kikai","JP"
"Tokunoshima","JP"
"Hiroshima","JP"
"Izumo","JP"
"Iwakuni","JP"
"Matsuyama","JP"
"Tottori","JP"
"Tokushima","JP"
"Takamatsu","JP"
"Akita","JP"
"Niigata","JP"
"Odate","JP"
"Hachijojima","JP"
"Fussa","JP"
"Piseo-ri (Muan)","KR"
"Gwangju","KR"
"Jeon Ju","KR"
"Yeosu","KR"
"Gangneung","KR"
"Wonju","KR"
"Gonghang-ro","KR"
"Jeju City","KR"
"Jeju Island","KR"
"Busan","KR"
"Sacheon","KR"
"Ulsan","KR"
"Pocheon","KR"
"Seoul","KR"
"Simgok-dong","KR"
"Taean","KR"
"Daegu","KR"
"Yule Island","PG"
"Rampart","US"
"Corvera","ES"
"Minamidaitō","JP"
"Miyako City","JP"
"Aguni","JP"
"Kitadaitōjima","JP"
"Yoronjima","JP"
"Balesin","PH"
"Olongapo City","PH"
"Angeles/Mabalacat","PH"
"Cavite City","PH"
"Cotabato City","PH"
"Butuan City","PH"
"Ozamiz City","PH"
"Pagadian City","PH"
"Mapun","PH"
"Baguio City","PH"
"Basco","PH"
"Baler","PH"
"Tuguegarao City","PH"
"Virac","PH"
"Gasan","PH"
"Tacloban City","PH"
"Calbayog City","PH"
"Malay","PH"
"Iloilo City","PH"
"Masbate","PH"
"Tagbilaran City","PH"
"Tablas Island","PH"
"Coron","PH"
"Nogliki-Sakhalin Island","RU"
"Kawbenaberi","PG"
"Lopez","US"
"Miramar","AR"
"Junin","AR"
"Rosario","AR"
"La Cumbre","AR"
"Rafaela","AR"
"Mendoza","AR"
"Catamarca","AR"
"Santiago del Estero","AR"
"Termas de Río Hondo","AR"
"San Miguel de Tucumán","AR"
"Ceres","AR"
"Villa Dolores","AR"
"Merlo","AR"
"Resistencia","AR"
"Formosa","AR"
"Puerto Iguazu","AR"
"Monte Caseros","AR"
"Posadas","AR"
"Salton City","US"
"Salta","AR"
"San Salvador de Jujuy","AR"
"Las Lomitas","AR"
"Reconquista","AR"
"Curuzu Cuatia","AR"
"El Bolson","AR"
"El Maiten","AR"
"Las Heras","AR"
"Ingeniero Jacobacci","AR"
"San Antonio Oeste","AR"
"Alto Rio Senguerr","AR"
"Sierra Grande","AR"
"Puerto Madryn","AR"
"El Calafate","AR"
"Perito Moreno","AR"
"Gobernador Gregores","AR"
"Olavarria","AR"
"Mar del Plata","AR"
"Neuquen","AR"
"Pehuajó","AR"
"San Carlos de Bariloche","AR"
"Cutral-Co","AR"
"Conceição Do Araguaia","BR"
"Aracaju","BR"
"Alta Floresta","BR"
"Araçatuba","BR"
"Araxá","BR"
"Belém","BR"
"Bragança Paulista","BR"
"Bauru","BR"
"Boa Vista","BR"
"Barra Do Garças","BR"
"Cabo Frio","BR"
"Caçador","BR"
"Chapecó","BR"
"Parauapebas","BR"
"Campos Dos Goytacazes","BR"
"Corumbá","BR"
"Caravelas","BR"
"Caxias Do Sul","BR"
"Cruzeiro Do Sul","BR"
"Presidente Prudente","BR"
"São Pedro Da Aldeia","BR"
"Foz Do Iguaçu","BR"
"Florianópolis","BR"
"Fernando De Noronha","BR"
"Fortaleza","BR"
"Guajará-Mirim","BR"
"Goiânia","BR"
"São Paulo","BR"
"Guaratinguetá","BR"
"Itacoatiara","BR"
"Itumbiara","BR"
"Jaguaruna","BR"
"João Pessoa","BR"
"Juazeiro Do Norte","BR"
"Joinville","BR"
"Lençóis","BR"
"Lages","BR"
"Bom Jesus Da Lapa","BR"
"Lagoa Santa","BR"
"Macaé","BR"
"Maringá","BR"
"Montes Claros","BR"
"Marília","BR"
"Mossoró","BR"
"Poços De Caldas","BR"
"Passo Fundo","BR"
"Pelotas","BR"
"Petrolina","BR"
"Porto Velho","BR"
"Natal","BR"
"São José Dos Campos","BR"
"Sorriso","BR"
"São José Do Rio Preto","BR"
"Guarujá","BR"
"Taubaté","BR"
"Oriximiná","BR"
"Una","BR"
"Tabatinga","BR"
"Tucuruí","BR"
"Uberaba","BR"
"Vilhena","BR"
"Vitória","BR"
"Ancud","CL"
"Los Andes","CL"
"Alto Palena","CL"
"Arica","CL"
"Copiapo","CL"
"Balmaceda","CL"
"Tocopilla","CL"
"Chile Chico","CL"
"Chillan","CL"
"Coyhaique","CL"
"Iquique","CL"
"El Salvador","CL"
"Frutillar","CL"
"Antofagasta","CL"
"Futaleufu","CL"
"Puerto Williams","CL"
"Linares","CL"
"Pucon","CL"
"Talca","CL"
"Chaiten","CL"
"São Paulo De Olivença","BR"
"Monções","BR"
"Dracena","BR"
"Palmares Paulista","BR"
"Garça","BR"
"Jaboticabal","BR"
"Jales","BR"
"Morro Agudo","BR"
"Lucélia","BR"
"Matão","BR"
"Nova Europa","BR"
"Nova Iguaçu","BR"
"Ourilândia do Norte","BR"
"Rio Claro","BR"
"Resende","BR"
"Ubarana","BR"
"Ubatuba","BR"
"Itaperuna","BR"
"Votuporanga","BR"
"Limeira","BR"
"Guayaquil","EC"
"Isabela","EC"
"Latacunga","EC"
"Macas","EC"
"Machala","EC"
"Manta","EC"
"Puerto Putumayo","EC"
"Quito","EC"
"Sucua","EC"
"San Cristóbal","EC"
"Bahía de Caraquez","EC"
"Tachina","EC"
"Tarapoa","EC"
"Stanley","FK"
"Safia","PG"
"Encarnación","PY"
"Ciudad del Este","PY"
"Mariscal Estigarribia","PY"
"Pilar","PY"
"Sissano","PG"
"Juara","BR"
"Aragarças","BR"
"Arboletes","CO"
"San Juan De Uraba","CO"
"Puerto Rico","CO"
"Aguaclara","CO"
"Paratebueno","CO"
"Tauramena","CO"
"Codazzi","CO"
"Macanal","CO"
"Santana Ramos","CO"
"Ruperto Polania","CO"
"Uribe","CO"
"El Charco","CO"
"Campiña","CO"
"Piedras","CO"
"Monfort","CO"
"Casuarito","CO"
"Andes","CO"
"Apiay","CO"
"Armenia","CO"
"Puerto Asís","CO"
"Bucaramanga","CO"
"Capurganá","CO"
"Condoto","CO"
"Cartagena","CO"
"Cimitarra","CO"
"Cravo Norte","CO"
"Coveñas","CO"
"Barrancabermeja","CO"
"Florencia","CO"
"Fundación","CO"
"Cartago","CO"
"Guapi","CO"
"Chaparral","CO"
"Chigorodó","CO"
"Ipiales","CO"
"Leticia","CO"
"Montelíbano","CO"
"Manizales","CO"
"Necocli","CO"
"Nuquí","CO"
"Neiva","CO"
"Ocaña","CO"
"Pereira","CO"
"Plato","CO"
"Popayán","CO"
"La Dorada","CO"
"Puerto Berrio","CO"
"Pasto","CO"
"Providencia","CO"
"Mariquita","CO"
"San José Del Guaviare","CO"
"Santa Rosalia","CO"
"Santa Marta","CO"
"Tres Esquinas","CO"
"Turbo","CO"
"Tuluá","CO"
"Urrao","CO"
"Puerto Boyacá","CO"
"Villavicencio","CO"
"El Bañado","BO"
"Apolo","BO"
"Ascensión de Guarayos","BO"
"Bermejo","BO"
"Chimore","BO"
"San José de Chiquitos","BO"
"San Joaquín","BO"
"Magdalena","BO"
"Oruro","BO"
"Puerto Suárez","BO"
"Riberalta","BO"
"Reyes","BO"
"San Borja","BO"
"Sucre","BO"
"Vallegrande","BO"
"Villamontes","BO"
"Yacuíba","BO"
"Totness","SR"
"Zandery","SR"
"Stoelmanseiland","SR"
"Alto Parnaíba","BR"
"Arapiraca","BR"
"Assis","BR"
"Boquira","BR"
"Barreiras","BR"
"Brumado","BR"
"Barra","BR"
"Campo Do Meio","BR"
"Campina Verde","BR"
"Divinópolis","BR"
"Canavieiras","BR"
"Formiga","BR"
"Guarapari","BR"
"Guadalupe","BR"
"Garanhuns","BR"
"Irecê","BR"
"Ipiaú","BR"
"Santana Do Araguaia","BR"
"Cachoeiro Do Itapemirim","BR"
"Colinas","BR"
"Currais Novos","BR"
"Mombaça","BR"
"Nanuque","BR"
"Morro Do Chapéu","BR"
"Ouro Fino","BR"
"Propriá","BR"
"Feijó","BR"
"Pastos Bons","BR"
"Picos","BR"
"Piatã","BR"
"Paraguaçu","BR"
"Magda","BR"
"Prado","BR"
"Rio Paranaíba","BR"
"Caruaru","BR"
"Riachão","BR"
"Soure","BR"
"Teixeira De Freitas","BR"
"Monte Carmelo","BR"
"Teófilo Otoni","BR"
"Valença","BR"
"Conceição Das Alagoas","BR"
"Três Corações","BR"
"Camocim","BR"
"Machado","BR"
"Cumaru Do Norte","BR"
"Guimarães","BR"
"Ituberá","BR"
"Gatokae","SB"
"Sóc Trăng","VN"
"Grand-Santi","GF"
"Maripasoula","GF"
"Saint-Laurent-du-Maroni","GF"
"San Juan Aposento","PE"
"Moyobamba","PE"
"Tingo Maria","PE"
"Andahuaylas","PE"
"Rioja","PE"
"Juanjuí","PE"
"Jauja","PE"
"Juliaca","PE"
"San Juan de Marcona","PE"
"Cajamarca","PE"
"Ilo","PE"
"Huánuco","PE"
"Plaza Saposoa","PE"
"Chachapoyas","PE"
"Iquitos","PE"
"Pisco","PE"
"Shiringayoc","PE"
"Tacna","PE"
"Piura","PE"
"Nazca","PE"
"Cusco","PE"
"Sanming","CN"
"Sandringham Station","AU"
"Stony River","US"
"Cruz Alta","BR"
"Apucarana","BR"
"Bento Gonçalves","BR"
"Cassilândia","BR"
"Cornélio Procópio","BR"
"Erechim","BR"
"Francisco Beltrão","BR"
"Guaporé","BR"
"Horizontina","BR"
"Joaçaba","BR"
"Júlio De Castilho","BR"
"Curitibanos","BR"
"Lontras","BR"
"Mafra","BR"
"Novo Hamburgo","BR"
"São Miguel Do Oeste","BR"
"Arapongas","BR"
"Pato Branco","BR"
"Paranaguá","BR"
"Paranavaí","BR"
"Paranaíba","BR"
"Tanque Novo","BR"
"São Lourenço Do Sul","BR"
"São Borja","BR"
"Santa Cruz Do Sul","BR"
"São Gabriel","BR"
"São Joaquim","BR"
"Três Lagoas","BR"
"Três Passos","BR"
"Videira","BR"
"Veranópolis","BR"
"Santa Vitória Do Palmar","BR"
"Caçapava Do Sul","BR"
"Sarandi","BR"
"Xanxerê","BR"
"Arapoti","BR"
"Centenário Do Sul","BR"
"Artigas","UY"
"Bella Union","UY"
"Durazno","UY"
"Salto","UY"
"Vichadero","UY"
"Anaco","VE"
"Barinas","VE"
"Maracay","VE"
"Casigua El Cubo","VE"
"Guarico","VE"
"Canaima","VE"
"Puerto Paez","VE"
"Bolivar","VE"
"Guanare","VE"
"Higuerote","VE"
"Isla de Coche","VE"
"Paraguaná","VE"
"Maracaibo","VE"
"Caracas","VE"
"Cabimas","VE"
"Puerto Ayacucho","VE"
"Puerto Ordaz-Ciudad Guayana","VE"
"Palmarito","VE"
"Gran Roque Island","VE"
"Stevens Village","US"
"Buriti Alegre","BR"
"Borba","BR"
"Costa Marques","BR"
"Siwea","PG"
"São Félix Do Araguaia","BR"
"Araguaína","BR"
"Humaitá","BR"
"Iaciara","BR"
"Ji-Paraná","BR"
"Juína","BR"
"Juruena","BR"
"Jataí","BR"
"Cáceres","BR"
"Coari","BR"
"Catalão","BR"
"Rio Verde","BR"
"Maués","BR"
"Novo Aripuanã","BR"
"Ariquemes","BR"
"Niquelândia","BR"
"Fonte Boa","BR"
"Porto Dos Gaúchos","BR"
"Parintins","BR"
"Pimenta Bueno","BR"
"Porto Alegre Do Norte","BR"
"Silur Mission","PG"
"Arraias","BR"
"Santa Terezinha","BR"
"Santa Isabel Do Rio Negro","BR"
"Sapezal","BR"
"Vila Rica","BR"
"Sehulea","PG"
"Aishalton","GY"
"Annai","GY"
"Bartica","GY"
"Karanambo","GY"
"Karasabai","GY"
"Konawaruk","GY"
"Lumid Pau","GY"
"Monkey Mountain","GY"
"Stanton","US"
"New Amsterdam","GY"
"Paramakatoi","GY"
"Skeldon","GY"
"Santa Paula","US"
"Tinboli","PG"
"Canefield","DM"
"Marigot","DM"
"Grande Anse","GP"
"Basse Terre","GP"
"St-François","GP"
"Grand Bourg","GP"
"Les Saintes","GP"
"Tarfaya","MA"
"Sudest Island","PG"
"Charlotte Amalie, Harry S. Truman Airport","VI"
"Christiansted","VI"
"Arecibo","PR"
"Aguadilla","PR"
"Fajardo","PR"
"Ponce","PR"
"Ceiba","PR"
"Charlestown","KN"
"Enfidha","TN"
"Port Alsworth","US"
"Iğdır","TR"
"Gerald s Park","MS"
"Tanacross","US"
"Tsile Tsile","PG"
"Scarborough","TT"
"Port of Spain","TT"
"Isla Tupile","PA"
"Tum","ET"
"Anegada","VG"
"Road Town","VG"
"Kingstown","VC"
"Canouan","VC"
"Mustique Island","VC"
"Pratas Island","TW"
"Chi Mei","TW"
"Geita","TZ"
"Lushoto","TZ"
"Kokshetau","KZ"
"Taraz","KZ"
"Bishkek","KG"
"Osh","KG"
"Karaganda","KZ"
"Kzyl-Orda","KZ"
"Ekibastuz","KZ"
"Ust Kamenogorsk","KZ"
"Semey","KZ"
"Aktau","KZ"
"Arkalyk","KZ"
"Ganja","AZ"
"Yevlakh","AZ"
"Yerevan","AM"
"Batagay","RU"
"Batagay-Alyta","RU"
"Ust-Kuyga","RU"
"Talakan Oil Field","RU"
"Aldan","RU"
"Yakutsk","RU"
"Neryungri","RU"
"Magan","RU"
"Verkhnevilyuisk","RU"
"Lensk","RU"
"Olenyok","RU"
"Yakutia","RU"
"Mirny","RU"
"Saskylakh","RU"
"Belaya Gora","RU"
"Srednekolymsk","RU"
"Chokurdah","RU"
"Tiksi","RU"
"Kutaisi","GE"
"Sukhumi","GE"
"Tbilisi","GE"
"Tynda","RU"
"Magadan","RU"
"Markovo","RU"
"Pevek","RU"
"Okhotsk","RU"
"Iturup Island","RU"
"Kurilsk","RU"
"Kunashir Island","RU"
"Yuzhno-Sakhalinsk","RU"
"Yedinka","RU"
"Plastun","RU"
"Vladivostok","RU"
"Chita","RU"
"Irkutsk","RU"
"Bodaybo","RU"
"Kirensk","RU"
"Ust-Kut","RU"
"Bongsan-ri, Uljin","KR"
"Sievierodonetsk","UA"
"Luhansk","UA"
"Kerch","UA"
"Mukhaizna Oil Field","OM"
"Kharkiv","UA"
"Poltava","UA"
"Lutsk","UA"
"Ivano-Frankivsk","UA"
"Rivne","UA"
"Kherson","UA"
"Nikolayev","UA"
"Archangelsk","RU"
"Leshukonskoye","RU"
"Cherepovets","RU"
"Amderma","RU"
"Apatity","RU"
"Velikiye Luki","RU"
"Pskov","RU"
"Vologda","RU"
"Brest","BY"
"Gomel","BY"
"Vitebsk","BY"
"Kaliningrad","RU"
"Minsk","BY"
"Mogilev","BY"
"Barnaul","RU"
"Gorno-Altaysk","RU"
"Yeniseysk","RU"
"Bor","RU"
"Krasnoyarsk","RU"
"Achinsk","RU"
"Kyzyl","RU"
"Novosibirsk","RU"
"Tomsk","RU"
"Norilsk","RU"
"Anapa","RU"
"Yeysk","RU"
"Krasnodar","RU"
"Makhachkala","RU"
"Nalchik","RU"
"Magas","RU"
"Stavropol","RU"
"Rostov-on-Don","RU"
"Sochi","RU"
"Astrakhan","RU"
"Volgograd","RU"
"Spirit Lake","US"
"Chelyabinsk","RU"
"Sabetta","RU"
"Salekhard","RU"
"Urengoy","RU"
"Khanty-Mansiysk","RU"
"Sovetskiy","RU"
"Izhevsk","RU"
"Kirov","RU"
"Nadym","RU"
"Kogalym","RU"
"Yekaterinburg","RU"
"Tobolsk","RU"
"Krasnovodsk","TM"
"Daşoguz","TM"
"Türkmenabat","TM"
"Khudzhand","TJ"
"Fergana","UZ"
"Nukus","UZ"
"Urgench","UZ"
"Navoi","UZ"
"Bukhara","UZ"
"Zarafshan","UZ"
"Samarkand","UZ"
"Ivanovo","RU"
"Rybinsk","RU"
"Bryansk","RU"
"Kursk","RU"
"Lipetsk","RU"
"Ukhta","RU"
"Pechora","RU"
"Vorkuta","RU"
"Syktyvkar","RU"
"Nizhny Novgorod","RU"
"Bugulma","RU"
"Kazan","RU"
"Nizhnekamsk","RU"
"Yoshkar-Ola","RU"
"Ulyanovsk","RU"
"Penza","RU"
"Saransk","RU"
"Saratov","RU"
"Beloretsk","RU"
"Ufa","RU"
"Rocha","UY"
"Diu","IN"
"Ahmedabad","IN"
"Akola","IN"
"Belgaum","IN"
"Bhavnagar","IN"
"Vasco da Gama","IN"
"Hubli","IN"
"Khajuraho","IN"
"Nasik","IN"
"Porbandar","IN"
"Solapur","IN"
"Udaipur","IN"
"Colombo","LK"
"Galle","LK"
"Trincomalee","LK"
"Weerawila","LK"
"Kampong Chhnang","KH"
"Kaoh Kong","KH"
"Sen Monorom","KH"
"Siem Reap","KH"
"Stung Treng","KH"
"La Guaira","VE"
"Balurghat","IN"
"Bhubaneswar","IN"
"Kolkata","IN"
"Gorakhpur","IN"
"Jeypore","IN"
"Silchar","IN"
"Malda","IN"
"Dibrugarh","IN"
"Dimapur","IN"
"Patna","IN"
"Visakhapatnam","IN"
"Barisal","BD"
"Cox s Bazar","BD"
"Comilla","BD"
"Ishurdi","BD"
"Lalmonirhat","BD"
"Saidpur","BD"
"Shamshernagar","BD"
"Dhaka","BD"
"Hong Kong","HK"
"Allahabad","IN"
"Adampur","IN"
"Bikaner","IN"
"New Delhi","IN"
"Gwalior","IN"
"Jodhpur","IN"
"Jammu","IN"
"Ajmer","IN"
"Leh","IN"
"Lucknow","IN"
"Pathankot","IN"
"Pantnagar","IN"
"Gurue","MZ"
"Attopeu","LA"
"Luang Phabang","LA"
"Pakse","LA"
"Thakhek","LA"
"Vientiane","LA"
"Xieng Khouang","LA"
"Macau","MO"
"Bajhang","NP"
"Bhojpur","NP"
"Baglung","NP"
"Bharatpur","NP"
"Baitadi","NP"
"Bhadrapur","NP"
"Dhangarhi","NP"
"Dolpa","NP"
"Jumla","NP"
"Kathmandu","NP"
"Lamidanda","NP"
"Lukla","NP"
"Mahendranagar","NP"
"Nepalgunj","NP"
"Pokhara","NP"
"Ramechhap","NP"
"Rolpa","NP"
"Namche Bazaar","NP"
"Surkhet","NP"
"Simikot","NP"
"Taplejung","NP"
"Tikapur","NP"
"Tumling Tar","NP"
"Latur","IN"
"Thoothukudi","IN"
"Bellary","IN"
"Bangalore","IN"
"Kochi","IN"
"Calicut","IN"
"Madurai","IN"
"Mangalore","IN"
"Chennai","IN"
"Pondicherry","IN"
"Puttaparthi","IN"
"Rajahmundry","IN"
"Thanjavur","IN"
"Tiruchirappally","IN"
"Tashigang","BT"
"Jakar","BT"
"Gelephu","BT"
"Baa Atoll","MV"
"Fuvahmulah Island","MV"
"Gan","MV"
"Huvadhu Atoll","MV"
"Maamigili","MV"
"Bangkok","TH"
"Nakhon Pathom","TH"
"Ban Mak Khaen","TH"
"Hua Hin","TH"
"Uttaradit","TH"
"Surat Thani","TH"
"Nakhon Si Thammarat","TH"
"Krabi","TH"
"Na Thon (Ko Samui Island)","TH"
"Hat Yai","TH"
"Surin","TH"
"Khon Kaen","TH"
"Liwonde National Park","MW"
"Buon Ma Thuot","VN"
"Dung Quat Bay","VN"
"Ca Mau City","VN"
"Nha Trang","VN"
"Con Dao","VN"
"Can Tho","VN"
"Dien Bien Phu","VN"
"Da Nang","VN"
"Hanoi","VN"
"Hue","VN"
"Phu Quoc Island","VN"
"Phan Rang","VN"
"Tuy Hoa","VN"
"Thanh Hóa","VN"
"Dawei","MM"
"Gwa","MM"
"Hommalinn","MM"
"Tilin","MM"
"Kanti","MM"
"Kalemyo","MM"
"Kawthoung","MM"
"Kyauktu","MM"
"Mkeik","MM"
"Myitkyina","MM"
"Manaung","MM"
"Mong Hsat","MM"
"Mong Tong","MM"
"Monywar","MM"
"Namsang","MM"
"Namtu","MM"
"Hpa-N","MM"
"Pathein","MM"
"Putao","MM"
"Pye","MM"
"Thandwe","MM"
"Tachileik","MM"
"Waha-Tomea Island","ID"
"Mamuju-Celebes Island","ID"
"Biak-Supiori Island","ID"
"Nabire-Papua Island","ID"
"Illaga-Papua Island","ID"
"Timika-Papua Island","ID"
"Mataram-Lombok Island","ID"
"Bima-Sumbawa Island","ID"
"Mataram","ID"
"Waikabubak-Sumba Island","ID"
"Waingapu-Sumba Island","ID"
"Arso-Papua Island","ID"
"Bokondini","ID"
"Jayapura-Papua Island","ID"
"Swach","ID"
"Senggeh","ID"
"Wamena-Papua Island","ID"
"Mindiptana-Papua Island","ID"
"Kepi-Papua Island","ID"
"Tanjung Selor-Borneo Island","ID"
"Datadawai-Borneo Island","ID"
"Tanjung Redeb - Borneo Island","ID"
"Samarinda","ID"
"Galela-Celebes Island","ID"
"Tahuna-Sangihe Island","ID"
"Gebe Island","ID"
"Palu-Celebes Island","ID"
"Manado-Celebes Island","ID"
"Karakelong Island","ID"
"Poso-Celebes Island","ID"
"Gotalalamo-Morotai Island","ID"
"Buol-Celebes Island","ID"
"Banjarmasin-Borneo Island","ID"
"Amahai-Seram Island","ID"
"Namrole-Buru Island","ID"
"Labuha-Halmahera Island","ID"
"Saumlaki-Yamdena Island","ID"
"Sanana-Seram Island","ID"
"Ambon","ID"
"Tikong-Taliabu Island","ID"
"Tjepu-Java Island","ID"
"Sumenep-Madura Island","ID"
"Karimunjawa","ID"
"Bintuni","ID"
"Fakfak-Papua Island","ID"
"Merdei-Papua Island","ID"
"Babo-Papua Island","ID"
"Wasior-Papua Island","ID"
"Maumere-Flores Island","ID"
"Satar Tacik-Flores Island","ID"
"Alor Island","ID"
"Labuan Bajo - Flores Island","ID"
"Kupang-Timor Island","ID"
"Bau Bau-Butung Island","ID"
"Sorong-Papua Island","ID"
"Bintulu","MY"
"Long Semado","MY"
"Kuching","MY"
"Limbang","MY"
"Mukah","MY"
"Long Akah","MY"
"Sematan","MY"
"Kapit","MY"
"Bakalalan","MY"
"Tanjung Manis","MY"
"Long Sukang","MY"
"Lawas","MY"
"Bario","MY"
"Telupid","MY"
"Sahabat","MY"
"Kota Kinabalu","MY"
"Long Miau","MY"
"Sepulot","MY"
"Pamol","MY"
"Ranau","MY"
"Kudat","MY"
"Tawau","MY"
"Bandar Seri Begawan","BN"
"Weatherford","US"
"Wedau","PG"
"Welshpool","AU"
"Bandar Lampung-Sumatra Island","ID"
"Sipora Island","ID"
"Bandung-Java Island","ID"
"Cirebon-Java Island","ID"
"Tasikmalaya-Java Island","ID"
"Pasir Pengarayan-Sumatra Island","ID"
"Cilacap-Java Island","ID"
"Gunung Sitoli-Nias Island","ID"
"Padang Sidempuan-Sumatra Island","ID"
"Siborong-Borong","ID"
"Nanga Pinoh-Borneo Island","ID"
"Ranai-Natuna Besar Island","ID"
"Pontianak-Borneo Island","ID"
"Sintang-Borneo Island","ID"
"Muara Bungo","ID"
"Pangkal Pinang-Palaubangka Island","ID"
"Bengkulu-Sumatra Island","ID"
"Rengat-Sumatra Island","ID"
"Tapak Tuan-Sumatra Island","ID"
"Peureumeue-Sumatra Island","ID"
"Lhok Sukon-Sumatra Island","ID"
"Lhok Seumawe-Sumatra Island","ID"
"Mersing","MY"
"Taiping","MY"
"Butterworth","MY"
"Kota Baharu","MY"
"Kuantan","MY"
"Johor Bahru","MY"
"Malacca","MY"
"Maliana","TL"
"Larantuka-Flores Island","ID"
"Bontang-Borneo Island","ID"
"Wasua","PG"
"Wiseman","US"
"Seletar","SG"
"Singapore","SG"
"Wantoat","PG"
"Wuvulu Island","PG"
"Maramag","PH"
"Vinh Long","VN"
"Alpha","AU"
"Aurukun","AU"
"Alice Springs","AU"
"Charleville","AU"
"Balgo","AU"
"Broken Hill","AU"
"Hamilton Island","AU"
"Lakefield National Park","AU"
"Mount Isa","AU"
"Ballina","AU"
"Rockhampton","AU"
"Bundaberg","AU"
"Weipa","AU"
"Toowoomba","AU"
"Carnarvon","AU"
"Canobie","AU"
"Cloncurry","AU"
"Clifton Hills","AU"
"Cooma","AU"
"Carpentaria Downs","AU"
"Christmas Creek","AU"
"Coondewanna","AU"
"Coolawanyah Station","AU"
"New Dixie","AU"
"Dunk Island","AU"
"Daly Waters","AU"
"Devonport","AU"
"Stradbroke Island","AU"
"Eneabba","AU"
"Emerald","AU"
"Elrose Mine","AU"
"Esperance","AU"
"Eva Downs","AU"
"Flinders Island","AU"
"Finke","AU"
"Forrest River Mission","AU"
"Ginbata","AU"
"Great Keppel Island","AU"
"Gladstone","AU"
"Mount Gordon Mine","AU"
"Gascoyne Junction","AU"
"Horn Island","AU"
"Hope Vale","AU"
"Kings Canyon Resort","AU"
"Kirkimbie","AU"
"Koolburra","AU"
"Kowanyama","AU"
"Kurundi Station","AU"
"Leonora","AU"
"Lakefield","AU"
"Lyndhurst","AU"
"Lindeman Island","AU"
"Lismore","AU"
"Longreach","AU"
"Morwell","AU"
"Mandora","AU"
"Merimbula","AU"
"Merluna","AU"
"Milingimbi Island","AU"
"McArthur River Mine","AU"
"Mildura","AU"
"Murrin Murrin","AU"
"Moree","AU"
"Moreton","AU"
"Murray Island","AU"
"Mulka","AU"
"Moolawatana Station","AU"
"Maryborough","AU"
"Normanton","AU"
"Nutwood Downs","AU"
"Éléonore Mine","CA"
"Olympic Dam","AU"
"Ord River","AU"
"Cocos (Keeling) Islands","CC"
"Kangaroo Island","AU"
"Nhulunbuy","AU"
"Kununurra","AU"
"Exmouth","AU"
"OZ Minerals Prominent Hill Mine","AU"
"Ironstone","AU"
"Woomera","AU"
"Kimsquit Valley","CA"
"Roebourne","AU"
"Roper Bar","AU"
"Sandstone","AU"
"Coffs Harbour","AU"
"Dubbo","AU"
"Singleton","AU"
"Saibai Island","AU"
"Silver Plains","AU"
"Wagga Wagga","AU"
"Pattaya","TH"
"Trepell","AU"
"Theda Station","AU"
"Biloela","AU"
"Tennant Creek","AU"
"Taree","AU"
"Sue Islet","AU"
"Windarling Mine","AU"
"Whyalla","AU"
"Williamtown","AU"
"Woodie Woodie","AU"
"Yueyang","CN"
"Birch Creek","US"
"Copper Center","US"
"Ulusaba","ZA"
"Welverdiend","ZA"
"Koingnaas","ZA"
"Beijing","CN"
"Chengde","CN"
"Qinhuangdao","CN"
"Ordos","CN"
"Erenhot","CN"
"Arxan","CN"
"Lüliang","CN"
"Tianjin","CN"
"Ulanqab","CN"
"Wuhai","CN"
"Ulanhot","CN"
"Xingtai","CN"
"Xinzhou","CN"
"Taiyuan","CN"
"Zhalantun","CN"
"Zenag","PG"
"Changde","CN"
"Huaihua","CN"
"Guangzhou","CN"
"Hechi","CN"
"Shihezi","CN"
"Guilin City","CN"
"Meixian","CN"
"Nanning","CN"
"Shantou","CN"
"Liuzhou","CN"
"Zhanjiang","CN"
"Enshi","CN"
"Wuhan","CN"
"Luoyang","CN"
"Nanyang","CN"
"Shennongjia","CN"
"Yichang","CN"
"Sanya","CN"
"Pyongyang","KP"
"Mengnai","CN"
"Jiayuguan","CN"
"Lanzhou","CN"
"Longnan","CN"
"Xi an","CN"
"Xiahe","CN"
"Yulin","CN"
"Altai","MN"
"Dalanzadgad","MN"
"Khujirt","MN"
"Khovd","MN"
"Cangyuan Va Autonomous County","CN"
"Xiaguan","CN"
"Lijiang","CN"
"Kunming","CN"
"Pu er","CN"
"Wenshan","CN"
"Changzhou","CN"
"Ganzhou","CN"
"Jinan","CN"
"Longyan","CN"
"Lianyungang","CN"
"Linyi","CN"
"Nanjing","CN"
"Hefei","CN"
"Qingdao","CN"
"Rugao","CN"
"Huangshan","CN"
"Weifang","CN"
"Wenzhou","CN"
"Shiquanhe","CN"
"Bijie","CN"
"Chongqing","CN"
"Daocheng County","CN"
"Civil Aviation Flight University of China","CN"
"Guangyuan","CN"
"Guiyang","CN"
"Huangping","CN"
"Libo County","CN"
"Liangping","CN"
"Lhasa","CN"
"Zunyi","CN"
"Tengchong","CN"
"Chengdu","CN"
"Wanxian","CN"
"Xichang","CN"
"Yibin","CN"
"Qiemo","CN"
"Fuyun","CN"
"Korla","CN"
"Karamay","CN"
"Kashgar","CN"
"Tacheng","CN"
"Hotan","CN"
"Changchun","CN"
"Wudalianchi","CN"
"Heihe","CN"
"Jilin","CN"
"Jiamusi","CN"
"Jinzhou","CN"
"Yushu","CN"
"Qiqihar","CN"
"Tonghua","CN"
"Yanji","CN"
"Yingkou","CN"
